QUANTILE_LABEL,average
High,23.118169137807136
Low,55.34621749835834
