QUANTILE_LABEL,average
High,39.68321185489595
Low,37.69284052303478
NA,33.96695604666667
