QUANTILE_LABEL,average
High,51.55279692725437
Low,27.0631192605769
