QUANTILE_LABEL,average
High,47.22341301314456
Low,30.385486417566433
