QUANTILE_LABEL,average
High,24.445578139136074
Low,19.614322515144668
